URL,Wilayah,Kecamatan,Luas Tanah (m2),Luas Bangunan (m2),Jumlah Kamar,Jumlah Kamar Mandi,Tingkat/Lantai,Harga Jual,Terjual/Belum,Arah Hadap Rumah,Posisi Rumah,Lebar Jalan Depan Rumah (ROW),Carport,Fasilitas Tambahan,"Siap Huni 
(Y/N)","Furnish 
(Y/N)",Watt Listrik,Dekat Pasar,Dekat Sekolah,Dekat Puskesmas/RS,Dekat Mall,Dekat Tempat Ibadah,Dekat Makam,Dekat Club House,Dekat Jalan Raya Utama,Worth-it,Votes_WorthIt,Votes_NotWorthIt
https://www.99.co/id/properti/rumah-dijual-650jt-rungkut-cp-1009583633,Timur,Rungkut,100,60,2,1,1.0,"Rp650,000,000",Belum,Selatan,Hook,,,433333292.9,,N,1300,,Y,,,,,,,Worth-It,8,2
https://www.99.co/id/properti/rumah-dijual-525jt-gununganyar-cp-1009581905,Timur,Gunung Anyar,50,35,2,1,1.0,"Rp525,000,000",Belum,Timur dan Barat,Hook,2 mobil,,349999979.5,Y,N,1300,,Y,,,,,,,Not Worth-It,4,6
https://www.99.co/id/properti/rumah-dijual-625jt-medokan-ayu-cp-1009578591,Timur,Rungkut,65,65,2,1,1.0,"Rp625,000,000",Belum,Barat dan Selatan,Hook,2 mobil,,416666637.2,Y,N,1300,,Y,Y,,,,,,Not Worth-It,4,6
https://www.99.co/id/properti/rumah-dijual-17miliar-darmo-permai-cp-1009578720,Barat,Dukuh Pakis,460,350,5,3,1.0,"Rp17,000,000,000",Belum,Barat,Hook,,2,11333333135.0,,N,2200,,,,,,,,,Not Worth-It,3,7
https://www.99.co/id/properti/rumah-dijual-1miliar-wonorejo-cp-1010143840,Timur,Rungkut,100,120,3,2,1.0,"Rp1,100,000,000",Belum,Timur dan Selatan,Hook,12m,,733333285.2,,N,1300,,Y,,,,,,,Worth-It,7,3
https://www.99.co/id/properti/rumah-dijual-1miliar-semampir-cp-1009579939,Utara,Semampir,300,200,3,2,1.0,"Rp1,600,000,000",Belum,-,Hook,,,1066666541.0,,N,2200,,Y,Y,,,,,,Worth-It,9,1
https://www.99.co/id/properti/rumah-dijual-750jt-gununganyar-cp-1009581755,Timur,Gunung Anyar,70,50,2,1,1.0,"Rp750,000,000",Belum,Utara,Hook,,,499999970.9,Y,N,1300,,Y,,,,,,,Worth-It,6,4
https://www.99.co/id/properti/rumah-dijual-625jt-gununganyar-cp-1009582013,Timur,Gunung Anyar,50,70,3,2,1.0,"Rp625,000,000",Belum,Utara,Hook,2 mobil,,416666641.9,Y,N,1300,,Y,,,,,,,Worth-It,6,4
https://www.99.co/id/properti/rumah-dijual-875jt-rungkut-cp-1012598827,Timur,Rungkut,100,70,3,1,1.0,"Rp875,000,000",Belum,Selatan,Hook,2 mobil,2,583333291.6,,N,2200,,,,,,,,,Worth-It,6,4
https://www.99.co/id/properti/rumah-dijual-1miliar-surabaya-kota-cp-1012585051,Selatan,Jambangan,120,90,3,1,1.0,"Rp1,650,000,000",Belum,Barat,Hook,2 mobil,2,1099999949.0,Y,N,2200,,,Y,,,,,,Worth-It,5,5
https://www.99.co/id/properti/rumah-dijual-2miliar-gayungan-cp-1012555179,Selatan,Gayungan,136,150,2,2,1.0,"Rp2,790,000,000",Belum,Selatan,Hook,2 mobil,2,1859999936.0,Y,N,2200,,Y,,,Y,,,,Not Worth-It,1,9
https://www.99.co/id/properti/rumah-dijual-1miliar-mulyosari-cp-1012679371,Timur,Mulyorejo,120,100,4,1,1.0,"Rp1,650,000,000",Belum,-,Hook,2 mobil,Ada,1099999948.0,Y,N,3500,,Y,,Y,,,,,Worth-It,8,2
https://www.99.co/id/properti/rumah-dijual-565jt-medokan-ayu-cp-1012555047,Timur,Rungkut,48,45,2,1,2.0,"Rp565,000,000",Belum,Selatan,Hook,2 mobil,Ada,376666646.0,Y,N,1300,,Y,,,,,,,Worth-It,7,3
https://www.99.co/id/properti/rumah-dijual-750jt-sidoarjo-cp-1012573279,Selatan,Tambakcemandi,72,85,3,1,2.0,"Rp750,000,000",Belum,Barat,Hook,2 mobil,Ada,499999966.1,Y,N,2200,,,,,,,,,Worth-It,6,4
https://www.99.co/id/properti/rumah-dijual-1miliar-semolowaru-cp-1012563386,Timur,Sukolilo,90,180,4,3,2.0,"Rp1,450,000,000",Belum,Utara,Hook,2 mobil,Ada,966666614.7,Y,N,4400,,Y,,,,,,,Worth-It,8,2
https://www.99.co/id/properti/rumah-dijual-1miliar-kutisari-cp-1012559245,Timur,Tenggilis Mejoyo,78,120,4,4,2.0,"Rp1,890,000,000",Belum,Barat dan Selatan,Hook,2 mobil,Ada,1259999960.0,Y,Y,2200,,,,,,,,,Not Worth-It,5,5
https://www.99.co/id/properti/rumah-dijual-3miliar-sukolilo-cp-1009792579,Timur,Sukolilo,230,400,25,6,1.0,"Rp3,500,000,000",Belum,Utara,Hook,2 mobil,,2333333207.0,Y,N,3500,,Y,,,,,,,Worth-It,5,5
https://www.99.co/id/properti/rumah-dijual-925jt-keputih-cp-1012558832,Timur,Sukolilo,45,70,2,2,2.0,"Rp925,000,000",Belum,Barat,Hook,2 mobil,Ada,616666643.9,Y,N,2200,,Y,,,,,,,Not Worth-It,3,7
https://www.99.co/id/properti/rumah-dijual-599jt-wonokromo-cp-1012555270,Selatan,Wonokromo,60,100,3,2,1.0,"Rp599,000,000",Belum,Utara,Hook,2 mobil,,399333301.2,,N,1300,,Y,,,,,,,Worth-It,8,2
https://www.99.co/id/properti/rumah-dijual-795jt-waru-cp-1012598839,Selatan,Kepuhkiriman,78,120,3,1,2.0,"Rp795,000,000",Belum,-,Hook,2 mobil,,529999959.4,,N,1300,,,,,,,,,Worth-It,5,5
https://www.olx.co.id/item/jual-rumah-kost-paling-strategis-10-kamar-di-surabaya-iid-939710743,Timur,Sukolilo,80,60,10,10,2.0,"Rp2,550,000,000",Belum,-,Standard/Tengah,4 mobil,-,1699999970.0,N,N,2200,N,N,N,N,N,N,N,N,Not Worth-It,1,9
https://www.olx.co.id/item/on-progressjual-runah-baru-rungkut-surabaya-iid-942353679,Pusat,Genteng,110,110,4,4,2.0,"Rp1,800,000,000",Belum,Selatan,Standard/Tengah,"2,5 mobil",2,1199999951.0,Y,N,,N,N,N,N,N,N,N,N,Not Worth-It,4,6
https://www.olx.co.id/item/875-juta-jual-rumah-baru-1-lantai-pondok-tjandra-surabaya-iid-942193382,Pusat,Genteng,92,65,2,2,1.0,"Rp875,000,000",Belum,Timur,Standard/Tengah,2 mobil,1,583333295.1,Y,N,,N,N,N,N,N,N,N,N,Worth-It,5,5
https://www.olx.co.id/item/jual-rumah-siap-huni-lebak-kenjeran-dekat-bsbatan-pantai-mulyoaari-ploso-karangasem-kalijudan-sutorejo-iid-940844884,Pusat,Genteng,125,147,4,4,2.0,"Rp1,800,000,000",Belum,Barat,Standard/Tengah,2 mobil,1,1199999941.0,N,Y (Semi),,N,N,N,N,N,N,N,N,Worth-It,6,4
https://www.olx.co.id/item/jual-rumah-baru-gress-2026-strategis-manyar-tirtoyoso-dekat-sekolah-petra-jalan-raya-kertajaya-akses-jalan-2-arah-iid-942620144,Timur,Mulyorejo,140,218,5,5,2.0,"Rp3,800,000,000",Belum,Timur,Standard/Tengah,jalan kembar,-,2533333260.0,N,N,2200,N,Y,N,N,N,N,N,Y,Not Worth-It,2,8
https://www.olx.co.id/item/jual-rumah-stok-baru-pantai-mentari-iid-941519638,Utara,Bulak,90,135,5,4,2.0,"Rp1,950,000,000",Belum,-,Standard/Tengah,"2,5 mobil",2,1299999954.0,N,N,2200,N,N,N,N,N,N,N,N,Not Worth-It,2,8
https://www.olx.co.id/item/jual-cepatrumah-nginden-cocok-buat-kosan-pemilik-bu-iid-940232134,Timur,Tenggilis Mejoyo,56,111,8,3,3.0,"Rp600,000,000",Belum,Barat,Standard/Tengah,1 mobil,-,399999969.3,N,N,900,N,Y,N,N,N,N,N,N,Worth-It,9,1
https://www.olx.co.id/item/jual-rumah-baru-gress-2026-strategis-manyar-tirtoyoso-dekat-sekolah-petra-jalan-raya-kertajaya-akses-jalan-2-arah-iid-942619278,Timur,Mulyorejo,140,218,5,5,2.0,"Rp3,800,000,000",Belum,-,Standard/Tengah,jalan kembar,-,2533333260.0,N,N,2200,N,Y,N,N,N,N,N,Y,Not Worth-It,2,8
https://www.olx.co.id/item/jual-rumah-0-jalan-raya-iid-942617203,Selatan,Sawahan,100,200,3,2,2.0,"Rp3,900,000,000",Belum,Utara,Standard/Tengah,,-,2599999942.0,N,N,,N,N,N,N,N,N,N,N,Not Worth-It,1,9
https://www.olx.co.id/item/on-progress-tapi-sisa-1-jual-rumah-baru-rungkut-surabaya-kialitas-premium-iid-942560748,Pusat,Genteng,160,94,5,4,2.0,"Rp1,750,000,000",Belum,Utara,Standard/Tengah,,2,1166666603.0,Y,N,2200,N,N,N,N,Y,N,N,N,Worth-It,9,1
https://www.olx.co.id/item/pantai-mentarijual-rumah-dekat-pakuwon-cityraya-kenjeran-iid-942614838,Utara,Kenjeran,102,101,4,3,2.0,"Rp1,699,000,000",Belum,Selatan,Standard/Tengah,3 mobil,2,1132666621.0,N,N,5500,N,N,N,N,N,N,N,N,Worth-It,8,2
https://www.olx.co.id/item/pakuwon-cityjual-rumah-dekat-itsunairraya-kenjeran-iid-942614708,Timur,Mulyorejo,72,97,3,2,2.0,"Rp2,500,000,000",Belum,Selatan,Standard/Tengah,3 mobil,2,1666666631.0,N,N,,N,N,N,N,N,N,N,N,Not Worth-It,1,9
https://www.olx.co.id/item/jual-rumah-baru-gress-graha-family-surabaya-barat-iid-941781081,Pusat,Genteng,128,295,5,4,2.0,"Rp4,750,000,000",Belum,-,Standard/Tengah,,-,3166666587.0,N,N,,N,N,N,N,N,N,N,N,Not Worth-It,0,10
https://www.olx.co.id/item/jual-cepat-rumah-cantik-siap-huni-pakuwon-city-surabaya-timur-iid-942551717,Timur,Sukolilo,464,400,4,4,2.0,"Rp7,000,000,000",Belum,Utara,Hook,,-,4666666461.0,N,N,,N,N,N,Y,N,N,Y,N,Worth-It,8,2
https://www.pinhome.id/dijual/rumah-sekunder/unit/dijual-rumah-surabaya-barat-dekat-tol-di-grand-pakuwon-north-victoria,Barat,Tandes,144,268,4,4,2.0,"Rp5,800,000,000",Belum,-,,,,3866666585.0,,Y ,3500,,,,,,,,,Not Worth-It,2,8
https://www.pinhome.id/dijual/rumah-sekunder/unit/dijual-rumah-bagus-murah-di-bukit-palma-surabaya,Barat,Pakal,103,150,4,4,2.0,"Rp1,100,000,000",Belum,Selatan,Hook,2 mobil,,733333281.3,,Y ,3300,,,,,,,,,Worth-It,10,0
https://www.pinhome.id/dijual/rumah-sekunder/unit/dijual-rumah-mewah-murah-siap-huni-wiyung-babatan-di-babatan-perumahan,Barat,Wiyung,240,270,4,1,2.0,"Rp3,500,000,000",Belum,-,Hook,7 meter,3,2333333219.0,,,13000,,,,,,,,,Worth-It,8,2
https://www.pinhome.id/dijual/rumah-sekunder/unit/dijual-rumah-surabaya-barat-di-darmo-permai,Barat,Sukomanunggal,225,15,4,3,1.0,"Rp3,500,000,000",Belum,-,,,3,2333333258.0,,,4400,,,,,,,,,Not Worth-It,3,7
https://www.pinhome.id/dijual/rumah-sekunder/unit/dijual-rumah-di-jalan-manukan-tengah-vi-blok-6c-no20-tandes-surabaya,Barat,Tandes,97,72,3,1,1.0,"Rp610,000,000",Belum,-,,,,406666625.7,,,,,,,,,,,,Worth-It,5,5
https://www.pinhome.id/dijual/rumah-sekunder/unit/dijual-rumah-lokasi-bagus-di-dian-istana-graha-famili,Barat,Dukuh Pakis,105,189,2,1,2.0,"Rp2,100,000,000",Belum,Utara,,"2,5 mobil",1,1399999941.0,,,2200,,,,,,,,,Worth-It,6,4
https://www.pinhome.id/dijual/rumah-sekunder/unit/dijual-rumah-lokasi-strategis-dekat-rs-di-jl-bandarejo,Barat,Benowo,78,42,2,1,1.0,"Rp425,000,000",Belum,Barat Daya,,4 meter,1,283333302.6,,,1300,,,,,,,,,Not Worth-It,3,7
https://www.pinhome.id/dijual/rumah-sekunder/unit/dijual-rumah-royal-residance-full-furnish-di-disewakan-royal-residance-greenwich,Barat,Wiyung,96,156,3,1,2.0,"Rp2,600,000,000",Belum,Selatan,,,,1733333282.0,,Y,,,,,,,,,,Not Worth-It,5,5
https://www.pinhome.id/dijual/rumah-sekunder/unit/dijual-rumah-murah-luas-dekat-royal-residence-pakuwon-mall-ptc-di-jlgriya-babatan-mukti-wiyung-surabaya,Barat,Wiyung,190,175,4,1,2.0,"Rp2,100,000,000",Belum,Selatan,,7 meter,2,1399999915.0,,,,,,,,,,,,Worth-It,8,2
https://www.pinhome.id/dijual/rumah-sekunder/unit/dijual-rumah-baru-renovasi-minimalis-dkt-wiyung-citraland-di-puri-lidah-kulon-indah,Barat,Lakarsantri,139,94,3,1,1.0,"Rp1,200,000,000",Belum,Utara,,3 mobil,2,799999942.1,,,2200,,,,,,,,,Worth-It,8,2
https://www.pinhome.id/dijual/rumah-sekunder/unit/dijual-rumah-grand-pakuwon-di-grand-pakuwon-1,Barat,Tandes,72,80,2,2,2.0,"Rp900,000,000",Belum,Selatan,,3 mobil,1,599999966.9,,,1300,,,,,,,,,Worth-It,9,1
https://www.pinhome.id/dijual/rumah-sekunder/unit/dijual-rumah-murah-nyaman-dan-asri-di-perumahan-pondok-benowo-indah-sby-1,Barat,Pakal,72,100,3,2,2.0,"Rp710,000,000",Belum,-,,2 mobil,1,473333297.7,,,1300,,,,,,,,,Worth-It,10,0
https://www.pinhome.id/dijual/rumah-sekunder/unit/dijual-rumah-sby-barat-siap-huni-600-jutaan-di-sumberejo,Barat,Benowo,90,45,2,1,2.0,"Rp650,000,000",Belum,Utara,,2 mobil,1,433333298.7,,,1300,,,,,,,,,Not Worth-It,4,6
https://www.pinhome.id/dijual/rumah-sekunder/unit/dijual-rumah-surabaya-barat-kuwukan-sambikerep-manukan-jelidro-di-jalan-kuwukan,Barat,Sambikerep,80,70,4,2,2.0,"Rp1,200,000,000",Belum,Timur,,,,799999965.7,,,,,,,,,,,,Worth-It,9,1
https://www.pinhome.id/dijual/rumah-sekunder/unit/dijual-rumah-surabaya-barat-di-royal-residance-buckingham,Barat,Wiyung,175,270,4,1,2.0,"Rp3,200,000,000",Belum,-,,3 mobil,2,2133333240.0,,,,,,,,,,,,Worth-It,6,4
https://www.pinhome.id/dijual/rumah-sekunder/unit/dijual-rumah-minimalis-2-lantai-posisi-hook-di-babatan-pratama-surabaya-barat,Barat,Wiyung,240,300,5,4,2.0,"Rp3,400,000,000",Belum,Timur,Hook,7 meter,3,2266666549.0,,,13000,,,,,,,,,Worth-It,6,4
https://www.pinhome.id/dijual/rumah-sekunder/unit/dijual-rumah-surabaya-barat-gunungsari-di-jl-bogangin-baru-blok-a-no-6-19570,Barat,Karangpilang,120,240,9,8,2.0,"Rp900,000,000",Belum,Utara,,"1,5 mobil",1,599999931.7,,,2200,,,,,,,,,Worth-It,10,0
https://www.pinhome.id/dijual/rumah-sekunder/unit/dijual-rumah-greenlake-prambanan-di-green-lake,Barat,Wiyung,105,200,3,1,2.0,"Rp1,700,000,000",Belum,Selatan,,1 mobil,2,1133333273.0,,,3500,,,,,,,,,Worth-It,8,2
https://www.pinhome.id/dijual/rumah-sekunder/unit/dijual-rumah-surabaya-barat-dekat-menganti-di-babatan-pilang-sekatan,Barat,Wiyung,135,117,4,3,1.0,"Rp1,500,000,000",Belum,Utara,,6 meter,1,999999940.9,,,4400,,,,,,,,,Worth-It,10,0
https://www.pinhome.id/dijual/rumah-sekunder/unit/dijual-rumah-di-perumahan-forest-mansion-surabaya-barat,Barat,Lakarsantri,90,60,2,2,2.0,"Rp1,100,000,000",Belum,-,,3 mobil,1,733333296.9,,,3500,,,,,,,,,Worth-It,5,5
https://www.pinhome.id/dijual/rumah-sekunder/unit/dijual-rumah-di-jalan-raya-kebraon-v,Barat,Karangpilang,105,140,4,3,2.0,"Rp960,000,000",Belum,-,,3 mobil,2,639999948.3,,,,,,,,,,,,Worth-It,6,4
https://www.pinhome.id/dijual/rumah-sekunder/unit/dijual-rumah-surabaya-barat-di-permata-safira-regency,Barat,Lakarsantri,126,140,3,2,1.0,"Rp1,400,000,000",Belum,Barat Laut - Barat Daya,,2 mobil,1,933333273.9,,,2200,,,,,,,,,Worth-It,10,0
https://www.pinhome.id/dijual/rumah-sekunder/unit/dijual-rumah-marmer-full-furnished-plus-garasi-carport-8-mobil-di-jl-kupang-indah-surabaya-barat,Barat,Dukuh Pakis,1016,1000,6,1,2.0,"Rp18,500,000,000",Belum,Utara,Hook trapesium,jalan kembar,4,12333332863.0,,Y,,,,,,,,,,Worth-It,7,3
https://www.pinhome.id/dijual/rumah-sekunder/unit/dijual-rumah-surabaya-barat-brand-new-taman-golf-high-spec-di-citraland,Barat,Sambikerep,300,500,5,1,2.0,"Rp10,500,000,000",Belum,Utara,,12 meter,3,6999999835.0,,,,,,,,,,,,Not Worth-It,1,9
https://www.pinhome.id/dijual/rumah-sekunder/unit/dijual-rumah-di-jl-satelit-indah-surabaya-barat-1,Barat,Sukomanunggal,225,162,4,1,1.0,"Rp2,700,000,000",Belum,Timur,,7 meter,1,1799999904.0,,,,,,,,,,,,Worth-It,8,2
https://www.pinhome.id/dijual/rumah-sekunder/unit/dijual-rumah-lokasi-bagus-di-lakarsantri,Barat,Dukuh Pakis,99,110,3,3,2.0,"Rp1,300,000,000",Belum,Selatan,,,2,866666620.9,,Y,2200,,,,,,,,,Worth-It,9,1
https://www.pinhome.id/dijual/rumah-sekunder/unit/dijual-rumah-2-lantai-harga-nego-di-bukit-palma-citraland,Barat,Pakal,120,150,3,1,2.0,"Rp1,700,000,000",Belum,-,,"2,5 mobil",2,1133333275.0,,,2200,,,,,,,,,Worth-It,8,2
https://www.pinhome.id/dijual/rumah-sekunder/unit/dijual-rumah-wisma-lidah-kulon-dekat-universitas-siap-huni-di-lidah-kulon,Barat,Lakarsantri,105,120,2,2,1.0,"Rp950,000,000",Belum,Utara,,2 mobil,1,633333283.5,,,1300,,,,,,,,,Worth-It,6,4
https://www.pinhome.id/dijual/rumah-sekunder/unit/dijual-rumah-bu-paling-murah-se-kompleks-di-forest-mansion,Barat,Wiyung,90,180,2,2,2.0,"Rp1,100,000,000",Belum,Selatan,,3 mobil,1,733333280.9,,N,3500,,,,,,,,,Worth-It,9,1
https://www.pinhome.id/dijual/rumah-sekunder/unit/dijual-rumah-murah-nyaman-dan-asri-di-perumahan-pondok-benowo-indah-sby,Barat,Pakal,72,36,3,2,2.0,"Rp710,000,000",Belum,-,,2 mobil,1,473333306.2,,,1300,,,,,,,,,Worth-It,6,4
https://www.pinhome.id/dijual/rumah-sekunder/unit/dijual-rumah-di-new-graha-suryanata-blok-e6-26,Barat,Pakal,72,90,2,1,1.0,"Rp385,000,000",Belum,-,,2 mobil,1,256666631.5,,,1300,,,,,,,,,Not Worth-It,4,6
https://www.pinhome.id/dijual/rumah-sekunder/unit/dijual-rumah-surabaya-barat-bebas-banjir-dekat-pintu-tol-di-pondok-maritim-indah,Barat,Wiyung,101,90,4,2,2.0,"Rp1,300,000,000",Belum,Selatan,,,1,866666622.7,,,1300,,,,,,,,,Worth-It,10,0
https://www.pinhome.id/dijual/rumah-sekunder/unit/dijual-rumah-murah-luas-raya-gwalk-citraland-komersial-area-di-jl-puri-widya-kencana-citraland-surabaya,Barat,Lakarsantri,930,790,4,1,2.0,"Rp22,000,000,000",Belum,Selatan,,7 meter,4,14666666253.0,,,,,,,,,,,,Not Worth-It,1,9
https://www.pinhome.id/dijual/rumah-sekunder/unit/dijual-rumah-di-jlwisata-bukit-mas-surabaya-barat,Barat,Lakarsantri,240,76,4,1,2.0,"Rp2,600,000,000",Belum,Selatan,,7 meter,2,1733333245.0,,,,,,,,,,,,Worth-It,6,4
https://www.pinhome.id/dijual/rumah-sekunder/unit/dijual-rumah-di-jl-villa-sentra-raya-citraland-surabaya,Barat,Sambikerep,290,136,4,1,2.0,"Rp3,500,000,000",Belum,Selatan,,7 meter,2,2333333220.0,,,,,,,,,,,,Worth-It,7,3
https://masuksini.com/detail-properti/MS-0028832/dijual-rumah-baru-2-lantai-di-bukit-palma-surabaya/,Selatan,Jambangan,120,170,4,4,2.0,"Rp2,150,000,000",Belum,Timur,,-,-,1433333273.0,Y,N,-,N,Y,N,N,N,N,N,N,Not Worth-It,3,7
https://masuksini.com/detail-properti/MS-0003638/rumah-belanda-dijual-di-jl-kh-mas-mansyur-ampel-surabaya/,Barat,Dukuh Pakis,840,785,4,2,1.0,"Rp32,000,000,000",Belum,Utara,,-,-,21333332950.0,N,N,-,Y,Y,Y,N,N,N,N,N,Not Worth-It,2,8
https://masuksini.com/detail-properti/MS-0001194/rumah-full-furnished-di-graha-family-surabaya/,Barat,Wiyung,345,600,5,5,2.0,"Rp16,000,000,000",Belum,Barat,,-,-,10666666474.0,N,Y,-,N,N,N,N,N,N,N,N,Not Worth-It,2,8
https://masuksini.com/detail-properti/MS-0029570/di-jual-rumah-semampir-tengah-via/,Utara,Semampir,100,150,4,3,2.0,"Rp1,350,000,000",Belum,Selatan,,-,1,899999948.7,N,Y,2200,N,N,N,N,N,N,N,N,Worth-It,5,5
https://masuksini.com/detail-properti/MS-0023136/rumah-dijual-di-perum-nirwana-eksekutif-rungkut-surabaya/,Timur,Rungkut,168,150,3,2,1.0,"Rp2,500,000,000",Belum,Timur,,-,-,1666666592.0,N,Y,-,N,N,Y,Y,N,N,N,N,Worth-It,5,5
https://masuksini.com/detail-properti/MS-0014489/rumah-2lantai-dengan-usaha-garmen-di-surabaya/,Pusat,Gubeng,395,300,4,2,2.0,"Rp2,700,000,000",Belum,Selatan,,-,-,1799999830.0,N,N,-,N,Y,N,N,N,N,N,N,Worth-It,8,2
https://masuksini.com/detail-properti/MS-0001356/rumah-dijual-jl-raya-tenggilis-surabaya/,Selatan,Gayungan,600,300,4,4,1.0,"Rp10,000,000,000",Belum,Hook,,-,-,6666666428.0,N,N,-,N,N,Y,N,N,N,N,Y,Not Worth-It,2,8
https://masuksini.com/detail-properti/MS-0029322/rumah-bagus-minimalis-american-citraland-taman-puspa-raya-tpr/,Barat,Sambikerep,302,450,5,5,2.0,"Rp5,500,000,000",Belum,Barat,,3 m,4,3666666509.0,Y,Y,5500,N,Y,N,Y,N,N,N,N,Worth-It,7,3
https://masuksini.com/detail-properti/MS-0029352/rumah-lama-lokasi-bagus/,Pusat,Gubeng,160,200,2,1,1.0,"Rp700,000,000",Belum,Utara,,-,1,466666587.5,N,N,-,N,N,N,N,N,N,N,N,Worth-It,5,5
https://masuksini.com/detail-properti/MS-0001186/rumah-full-furnished-di-virginia-regency-pakuwon-city-surabaya/,Timur,Mulyorejo,300,410,5,5,2.0,"Rp8,000,000,000",Belum,Utara,,-,-,5333333181.0,Y,Y,-,N,N,N,Y,N,N,N,N,Not Worth-It,2,8
https://masuksini.com/detail-properti/MS-0001208/rumah-di-crystal-golf-citraland-surabaya-barat/,Timur,Sukolilo,280,350,4,3,1.0,"Rp4,500,000,000",Belum,Utara,,-,-,2999999862.0,Y,N,-,N,N,N,Y,N,N,N,N,Worth-It,5,5
https://masuksini.com/detail-properti/MS-0029351/rumah-hunian-dengan-kos-kosan/,Timur,Rungkut,200,300,10,3,2.0,"Rp1,750,000,000",Belum,Timur,,-,2,1166666562.0,N,Y,-,N,N,N,N,N,N,N,N,Worth-It,6,4
https://masuksini.com/detail-properti/MS-0019955/rumah-galaxy-bumi-permai-araya-1-premium-terawat-siap-huni/,Timur,Sukolilo,375,490,5,4,2.0,"Rp7,500,000,000",Belum,Utara,,3 m,-,4999999812.0,Y,Y,-,N,N,N,Y,N,N,N,N,Worth-It,6,4
https://masuksini.com/detail-properti/MS-0000769/rumah-dijual-di-jl-manyar-jaya-surabaya/,Timur,Mulyorejo,158,178,4,2,2.0,"Rp5,000,000,000",Belum,Utara,,-,-,3333333259.0,Y,N,-,N,N,N,Y,N,Y,N,N,Not Worth-It,1,9
https://masuksini.com/detail-properti/MS-0002892/dijual-rumah-mewah-2-lantai-full-furnished-di-wisata-bukit-mas-surabaya/,Timur,Mulyorejo,450,480,4,3,2.0,"Rp10,000,000,000",Belum,Hook,,-,-,6666666455.0,N,Y,-,N,N,Y,Y,N,N,N,N,Not Worth-It,5,5
https://masuksini.com/detail-properti/MS-0022551/rumah-minimalis-baru-gress-dian-istana-park-avenue/,Barat,Wiyung,756,564,5,4,2.0,"Rp17,000,000,000",Belum,Selatan,,4 m,4,11333333008.0,Y,Y,-,N,N,N,N,N,N,Y,N,Not Worth-It,2,8
https://masuksini.com/detail-properti/MS-0003656/rumah-belanda-poros-jalan-raya-darmo-surabaya/,Selatan,Wonokromo,1384,426,3,2,1.0,"Rp110,000,000,000",Belum,Timur,,-,-,73333332816.0,N,N,-,N,N,Y,N,N,N,N,Y,Not Worth-It,1,9
https://masuksini.com/detail-properti/MS-0000967/rumah-dijual-jl-lebak-timur-surabaya/,Pusat,Tambaksari,200,200,4,3,2.0,"Rp2,750,000,000",Belum,Barat,,-,-,1833333242.0,Y,N,-,N,N,N,N,N,N,N,N,Not Worth-It,2,8
https://masuksini.com/detail-properti/MS-0021014/rumah-pusat-kota-komersial-strategis-jl-dr-soetomo/,Pusat,Tegalsari,830,400,5,3,1.0,"Rp49,000,000,000",Belum,Selatan,,-,2,32666666338.0,N,Y,-,N,N,Y,N,N,N,N,N,Not Worth-It,1,9
https://masuksini.com/detail-properti/MS-0024739/rumah-terawat-komplek-galaxy-bumi-permai-araya-tahap-1-strategis/,Barat,Lakarsantri,288,180,3,2,1.0,"Rp5,200,000,000",Belum,Timur,,3 m,-,3466666548.0,N,Y,-,N,N,Y,Y,N,N,N,Y,Not Worth-It,2,8
https://masuksini.com/detail-properti/MS-0003535/rumah-dijual-di-perum-galaxy-royal-palace-gubeng-surabaya/,Pusat,Gubeng,150,200,4,4,2.0,"Rp2,500,000,000",Belum,Selatan,,-,-,1666666592.0,Y,N,-,N,N,Y,Y,N,N,N,N,Worth-It,6,4
https://masuksini.com/detail-properti/MS-0029383/rumah-royal-residence-surabaya-barat-minimalis-view-bagus-langka/,Pusat,Gubeng,128,180,4,3,2.0,"Rp2,500,000,000",Belum,Utara,,3 m,2,1666666602.0,Y,Y,-,N,Y,Y,Y,N,N,N,N,Not Worth-It,1,9
https://masuksini.com/detail-properti/MS-0003182/rumah-kost-dijual-jl-bulu-jaya-surabaya-barat/,Barat,Sambikerep,1883,2500,24,24,2.0,"Rp14,000,000,000",Belum,Selatan,,-,-,9333332381.0,N,N,400,N,N,N,N,N,N,N,N,Worth-It,9,1
https://masuksini.com/detail-properti/MS-0028806/rumah-long-golf-view-raya-bukit-darmo-golf-mainroad-termurah/,Barat,Dukuh Pakis,706,800,4,4,2.0,"Rp30,000,000,000",Belum,Selatan,,-,2,19999999660.0,N,Y,-,N,N,N,Y,N,N,N,N,Not Worth-It,2,8
https://masuksini.com/detail-properti/MS-0025755/rumah-2-lantai-baru-minimalis-dian-istana-surabaya-barat/,Barat,Pakal,100,120,4,3,2.0,"Rp2,100,000,000",Belum,Hook,,3 m,-,1399999953.0,N,Y,4400,N,Y,Y,Y,N,N,N,N,Worth-It,6,4
https://masuksini.com/detail-properti/MS-0029318/rumah-minimalis-graha-famili-blok-d-jarang-ada-yang-dijual/,Selatan,Wonokromo,728,1000,5,6,2.0,"Rp23,500,000,000",Belum,Selatan,,4 m,4,15666666294.0,Y,Y,10600,N,Y,Y,N,N,N,N,N,Not Worth-It,5,5
https://masuksini.com/detail-properti/MS-0027613/jual-rumah-jambangan-surabaya-lokasi-karah-dekat-ketintang-gayungan-ahmad-y/,Selatan,Gayungan,159,180,3,3,7.0,"Rp929,000,000",Belum,Utara,,-,-,619333260.6,N,N,-,N,Y,N,N,N,N,N,N,Worth-It,6,4
https://masuksini.com/detail-properti/MS-0028657/dijual-rugi-rumah-pusat-kota-surabaya-lokasi-strategis-di-simokerto/,Pusat,Simokerto,128,170,3,3,5.0,"Rp1,200,000,000",Belum,Utara,,2m,-,799999938.0,N,N,2200,Y,N,Y,N,N,N,N,N,Worth-It,7,3
https://masuksini.com/detail-properti/MS-0002461/rumah-mewah-pusat-kota-lokasi-strategis-raya-tegalsari-surabaya/,Pusat,Tegalsari,1383,1276,4,4,2.0,"Rp37,500,000,000",Belum,Barat,,3 m,4,24999999371.0,N,Y,-,N,N,Y,Y,N,N,N,N,Not Worth-It,4,6
https://masuksini.com/detail-properti/MS-0029310/harga-dibawah-pasaran-jual-rumah-di-mulyosari-surabaya-dekat-kampus-unair/,Selatan,Jambangan,120,134,3,3,1.0,"Rp1,850,000,000",Belum,Selatan,,-,1,1233333277.0,N,N,-,Y,Y,N,Y,N,N,N,N,Not Worth-It,4,6
https://masuksini.com/detail-properti/MS-0002428/rumah-wisata-bukit-mas-2-mainroad-jalan-utama-depan-clubhouse/,Barat,Lakarsantri,240,350,4,4,2.0,"Rp5,700,000,000",Belum,Barat,,25 meter,-,3799999876.0,N,N,-,N,N,Y,Y,N,N,Y,N,Not Worth-It,2,8
https://masuksini.com/detail-properti/MS-0029349/rumah-usaha-komersial-prime-area-jl-raya-darmo-surabaya-pusat/,Pusat,Tegalsari,959,1200,9,8,5.0,"Rp56,000,000,000",Belum,Timur,,4 m,4,37333332859.0,N,Y,13200,N,N,Y,N,N,N,N,N,Not Worth-It,4,6
https://masuksini.com/detail-properti/MS-0029359/rumah-bagus-terawat-komplek-kupang-indah-gang-favorit/,Timur,Tenggilis Mejoyo,670,850,5,4,2.0,"Rp9,200,000,000",Belum,Timur,,3 m,-,6133332999.0,N,Y,-,N,Y,N,N,N,N,N,N,Not Worth-It,4,6
https://masuksini.com/detail-properti/MS-0002427/rumah-baru-gress-modern-minimalis-citraland-royal-park-1/,Barat,Lakarsantri,210,310,5,4,2.0,"Rp6,200,000,000",Belum,Selatan,,3 m,2,4133333224.0,Y,N,-,N,N,Y,Y,N,N,N,N,Not Worth-It,4,6
https://masuksini.com/detail-properti/MS-0028232/rumah-hitung-tanah-jl-raya-tidar-surabaya-pusat-strategis-komersial/,Selatan,Sawahan,849,500,5,5,5.0,"Rp13,000,000,000",Belum,Hook,,-,-,8666666321.0,N,Y,-,N,N,Y,Y,N,N,N,N,Worth-It,6,4
https://masuksini.com/detail-properti/MS-0029392/rumah-lokasi-strategis-cluster-taman-darmo-harapan-surabaya-barat/,Timur,Mulyorejo,449,400,4,4,2.0,"Rp5,800,000,000",Belum,Timur,,2 mobil,2,3866666466.0,N,N,-,N,N,N,N,N,N,N,N,Worth-It,5,5
https://masuksini.com/detail-properti/MS-0002523/rumah-minimalis-2-lantai-citraland-bukit-golf-internasional/,Barat,Sambikerep,375,550,4,4,2.0,"Rp8,500,000,000",Belum,Timur,,3 m,-,5666666471.0,N,Y,10600,N,N,N,Y,N,N,N,N,Not Worth-It,2,8
https://masuksini.com/detail-properti/MS-0003040/rumah-mewah-25-lantai-strategis-jl-cempaka-pusat-kota-surabaya/,Selatan,Wonokromo,1080,1500,6,5,5.0,"Rp30,000,000,000",Belum,Utara,,4 m,15,19999999444.0,N,N,-,N,N,N,Y,N,N,N,N,Not Worth-It,5,5
https://masuksini.com/detail-properti/MS-0002402/rumah-siap-huni-raya-villa-sentra-raya-vsr-citraland/,Timur,Mulyorejo,330,482,5,4,2.0,"Rp6,500,000,000",Belum,Selatan,,-,-,4333333161.0,Y,N,6600,N,N,N,Y,N,N,N,N,Worth-It,6,4
https://masuksini.com/detail-properti/MS-0028384/rumah-raya-tenggilis-mejoyo-jalan-kembar-komersial-cocok-untuk-usaha/,Timur,Tenggilis Mejoyo,525,400,6,5,1.0,"Rp9,500,000,000",Belum,Tenggara,,3 m,-,6333333107.0,N,Y,-,N,N,Y,Y,N,N,N,N,Worth-It,5,5
https://masuksini.com/detail-properti/MS-0002406/rumah-hitung-tanah-raya-kalijudan-dekat-kampus-widya-mandala-unair/,Timur,Mulyorejo,480,400,3,2,2.0,"Rp6,500,000,000",Belum,Utara,,-,-,4333333122.0,N,N,-,N,Y,Y,N,N,N,N,Y,Worth-It,8,2
https://masuksini.com/detail-properti/MS-0029363/rumah-hitung-tanah-komplek-satelit-indah-surabaya-barat/,Timur,Sukolilo,646,350,4,2,1.0,"Rp6,500,000,000",Belum,Utara,,-,2,4333333073.0,N,Y,10600,Y,Y,Y,N,Y,N,N,N,Worth-It,10,0
https://masuksini.com/detail-properti/MS-0003073/rumah-dalam-komplek-kertajaya-indah-baru-renovasi-full-marmer/,Timur,Mulyorejo,517,450,5,3,5.0,"Rp8,900,000,000",Belum,Utara,,3 m,-,5933333104.0,N,N,5500,N,N,N,Y,N,N,N,Y,Worth-It,8,2
https://masuksini.com/detail-properti/MS-0002460/rumah-usaha-jl-raya-tidar-pusat-kota-komersial-strategis-harga-termurah/,Pusat,Genteng,629,546,4,2,2.0,"Rp12,500,000,000",Belum,Selatan,,3 m,-,8333333053.0,N,N,-,N,N,Y,N,N,N,N,N,Not Worth-It,1,9
https://masuksini.com/detail-properti/MS-0029223/royal-residence-bagus-terawat/,Barat,Lakarsantri,235,234,4,3,2.0,"Rp4,800,000,000",Belum,Selatan,,-,-,3199999892.0,N,N,-,N,N,Y,N,N,N,N,N,Not Worth-It,1,9
https://masuksini.com/detail-properti/MS-0028167/rumah-dekat-merr-di-wisma-mukti-klampis-indah-klampis-anom-surabaya-timur/,Selatan,Gayungan,112,183,4,3,2.0,"Rp2,350,000,000",Belum,Selatan,,-,2,1566666607.0,N,N,200,N,Y,Y,N,N,N,N,Y,Not Worth-It,1,9
https://masuksini.com/detail-properti/MS-0029241/darmahusada-indah/,Barat,Sambikerep,480,550,8,5,2.0,"Rp18,000,000,000",Belum,Timur,,-,-,11999999769.0,N,Y,-,N,N,N,Y,N,N,N,N,Not Worth-It,4,6
https://masuksini.com/detail-properti/MS-0028982/jual-sewa-rumah-baru-kawasan-lebak-kenjeran-surabaya/,Utara,Kenjeran,280,400,3,2,2.0,"Rp550,000,000",Belum,Utara,,-,-,366666521.7,N,N,200,N,N,Y,N,N,N,N,N,Worth-It,8,2
https://masuksini.com/detail-properti/MS-0028922/dijual-rumah-hook-di-dharmahusada-indah-utara-surabaya/,Timur,Mulyorejo,350,420,6,4,2.0,"Rp6,530,000,000",Belum,Barat,,2 M,4,4353333163.0,Y,Y,500,N,N,N,N,N,N,N,N,Not Worth-It,4,6
https://masuksini.com/detail-properti/MS-0023207/properti-nyaman-2-kt-luas-tanah-120m-di-citraland-surabaya/,Selatan,Gayungan,120,85,2,1,2.0,"Rp2,980,000,000",Belum,Utara,,-,-,1986666617.0,N,Y,2200,Y,Y,Y,Y,N,N,N,N,Not Worth-It,3,7
https://masuksini.com/detail-properti/MS-0028420/jual-rumah-jl-dharmahusada-mas-surabaya/,Barat,Lakarsantri,200,310,3,3,2.0,"Rp3,900,000,000",Belum,Selatan,,-,1,2599999894.0,N,Y,4400,N,N,Y,N,N,N,N,N,Not Worth-It,2,8
https://masuksini.com/detail-properti/MS-0028640/jual-rumah-murah-2-lantai-di-taman-mutiara-pakuwon-city-surabaya/,Selatan,Jambangan,90,145,3,2,2.0,"Rp1,900,000,000",Belum,Utara,,2 m,1,1266666619.0,N,Y,3500,N,Y,N,Y,N,N,N,N,Not Worth-It,5,5
https://masuksini.com/detail-properti/MS-0013437/jual-rumah-kos-kosan-strategis-di-tenggilis-tengah-surabaya/,Timur,Tenggilis Mejoyo,4480,1039,25,25,4.0,"Rp7,200,000,000",Belum,Utara,,2 m,13,4799998378.0,N,Y,-,N,N,N,N,N,N,N,N,Worth-It,9,1
https://masuksini.com/detail-properti/MS-0028525/jual-rumah-shm-kawasan-jalan-manyar-kartika-surabaya/,Pusat,Gubeng,300,220,4,3,2.0,"Rp3,060,000,000",Belum,Selatan,,2 m,1,2039999873.0,Y,Y,2200,N,N,N,N,N,N,N,N,Worth-It,10,0
https://masuksini.com/detail-properti/MS-0014537/jual-rumah-sangat-mewah-komplek-taman-hunian-satelit-surabaya/,Barat,Sukomanunggal,1050,968,5,7,2.0,"Rp18,900,000,000",Belum,Utara,,2 m,2,12599999524.0,Y,Y,13000,N,N,N,N,N,N,N,N,Worth-It,6,4
https://masuksini.com/detail-properti/MS-0027205/dijual-rumah-2-lantai-di-manyar-rejo-surabaya/,Timur,Sukolilo,300,460,5,3,2.0,"Rp4,280,000,000",Belum,Timur,,2 M,1,2853333174.0,Y,Y,500,N,N,N,N,N,N,N,N,Worth-It,8,2
https://masuksini.com/detail-properti/MS-0028685/jual-rumah-mewah-bagus-shm-di-manyarrejo-kota-surabaya/,Timur,Sukolilo,336,500,5,3,2.0,"Rp6,030,000,000",Belum,Timur,,2 m,2,4019999823.0,N,Y,3500,N,N,N,Y,N,N,N,N,Worth-It,7,3
https://masuksini.com/detail-properti/MS-0028522/dijual-rumah-lama-bagus-strategis-di-jalan-baratajaya-surabaya/,Pusat,Gubeng,152,120,4,2,1.0,"Rp1,330,000,000",Belum,Selatan,,2 m,1,886666601.3,N,Y,2200,N,N,N,N,N,N,N,N,Worth-It,7,3
https://masuksini.com/detail-properti/MS-0027211/dijual-rumah-citraland-utama-cluster-international-village-langka/,Timur,Mulyorejo,150,230,4,4,1.0,"Rp4,050,000,000",Belum,Selatan,,3 M,2,2699999921.0,N,N,-,N,N,N,Y,N,N,N,N,Not Worth-It,5,5
https://masuksini.com/detail-properti/MS-0026928/dijual-murah-rumah-2lt-shm-di-jalan-kutisari-selatan-surabaya/,Timur,Rungkut,203,300,3,3,2.0,"Rp2,250,000,000",Belum,Selatan,,-,3,1499999894.0,N,N,4400,N,Y,N,N,N,N,N,N,Worth-It,10,0
https://masuksini.com/detail-properti/MS-0013802/jual-rumah-bagus-mewah-di-jalan-kendangsari-kota-surabaya/,Timur,Mulyorejo,540,520,4,3,2.0,"Rp7,470,000,000",Belum,Utara,,2 m,2,4979999753.0,N,Y,4400,N,N,N,N,N,N,N,N,Worth-It,9,1
https://masuksini.com/detail-properti/MS-0027714/dijual-rumah-15-lantai-di-jalan-dharmahusada-indah-timur-surabaya/,Timur,Mulyorejo,375,300,3,2,1.0,"Rp5,850,000,000",Belum,Selatan,,-,2,3899999836.0,Y,Y,400,N,N,N,N,N,N,N,N,Worth-It,8,2
https://masuksini.com/detail-properti/MS-0027424/dijual-rumah-taman-puspa-raya-citraland-surabaya-barat/,Pusat,Gubeng,135,105,2,1,1.0,"Rp2,500,000,000",Belum,Utara,,-,1,1666666609.0,N,Y,2200,N,Y,N,Y,N,N,N,N,Not Worth-It,4,6
https://masuksini.com/detail-properti/MS-0028609/jual-rumah-2-lantai-di-kawasan-baruk-barat-kota-surabaya/,Pusat,Gubeng,160,200,4,3,2.0,"Rp2,250,000,000",Belum,Utara,,2 m,1,1499999922.0,Y,Y,2200,N,N,N,Y,N,N,N,N,Worth-It,5,5
https://masuksini.com/detail-properti/MS-0026797/jual-rumah-araya-1-galaxy-bumi-permai-surabaya-timur/,Timur,Mulyorejo,189,300,4,3,2.0,"Rp4,850,000,000",Belum,-,,3 m,2,3233333232.0,N,Y,5500,N,N,N,Y,N,Y,N,N,Not Worth-It,2,8
https://rumah.trovit.co.id/detail/019b30e2-4870-7e6a-8630-4a19553e549e?t_pvid=c6410257-001c-4b11-a36b-4150a03d19a5&page=1&t_sec=1&pos=2&search_terms=surabaya&origin=1&type=direct&trovit_type=1&search_terms=surabaya,Barat,Wiyung,147,455,30,30,3.0,"Rp4,900,000,000",Belum,-,Tengah,3 mobil,-,3266666568.0,N,Y,-,,Y,Y,Y,,,,N,Not Worth-It,3,7
https://rumah.trovit.co.id/detail/019ad64c-dbe0-7a54-bc1a-a29bf516e497?t_pvid=c6410257-001c-4b11-a36b-4150a03d19a5&page=1&t_sec=1&pos=3&search_terms=surabaya&origin=1&type=direct&trovit_type=1&search_terms=surabaya,Barat,Wiyung,168,336,22,22,2.0,"Rp4,500,000,000",Belum,Selatan,Tengah,2 mobil,1,2999999907.0,N,Y,-,,N,Y,Y,,,,N,Not Worth-It,3,7
https://rumah.trovit.co.id/detail/019c04f0-d60c-7258-a988-ccce5d6f6fb4?t_pvid=c6410257-001c-4b11-a36b-4150a03d19a5&page=1&t_sec=1&pos=4&search_terms=surabaya&origin=1&type=direct&trovit_type=1&search_terms=surabaya,Timur,Mulyorejo,340,450,6,7,2.0,"Rp9,100,000,000",Belum,-,Hook,-,4,6066666497.0,N,Y,-,,Y,Y,Y,,,,N,Not Worth-It,4,6
https://rumah.trovit.co.id/detail/019937fb-bb68-7bbd-8f76-8c40e51c5c7a?t_pvid=c6410257-001c-4b11-a36b-4150a03d19a5&page=1&t_sec=1&pos=5&search_terms=surabaya&origin=1&type=direct&trovit_type=1&search_terms=surabaya,Timur,Rungkut,65,30,2,1,2.0,"Rp595,000,000",Belum,-,Tengah,2 mobil,1,396666642.3,Y,Y,-,,Y,Y,N,,,,N,Not Worth-It,4,6
https://rumah.trovit.co.id/detail/019b41a9-fb05-746c-9399-25aec3503924?t_pvid=c6410257-001c-4b11-a36b-4150a03d19a5&page=1&t_sec=1&pos=7&search_terms=surabaya&origin=1&type=direct&trovit_type=1&search_terms=surabaya,Barat,Wiyung,147,440,9,9,3.0,"Rp4,900,000,000",Belum,Utara,Tengah,4 mobil,-,3266666563.0,N,Y,-,,Y,Y,Y,,,,N,Not Worth-It,3,7
https://rumah.trovit.co.id/detail/019c04f4-f14c-7207-8de1-e57bc14ac0a5?t_pvid=c6410257-001c-4b11-a36b-4150a03d19a5&page=1&t_sec=1&pos=8&search_terms=surabaya&origin=1&type=direct&trovit_type=1&search_terms=surabaya,Utara,Kenjeran,120,150,5,4,2.0,"Rp2,600,000,000",Belum,-,Tengah,-,2,1733333276.0,N,Y,-,,Y,Y,Y,,,,N,Not Worth-It,1,9
https://rumah.trovit.co.id/detail/01996650-3cda-728d-81c4-09288ac616ef?t_pvid=c6410257-001c-4b11-a36b-4150a03d19a5&page=1&t_sec=1&pos=9&search_terms=surabaya&origin=1&type=direct&trovit_type=1&search_terms=surabaya,Timur,Rungkut,120,225,4,5,2.0,"Rp2,600,000,000",Belum,Utara,Tengah,2 mobil,1,1733333266.0,N,Y,4400,,Y,Y,N,,,,N,Worth-It,6,4
https://rumah.trovit.co.id/detail/019b5f08-d66d-74f9-983f-a29a5c37418c?t_pvid=c6410257-001c-4b11-a36b-4150a03d19a5&page=1&t_sec=1&pos=10&search_terms=surabaya&origin=1&type=direct&trovit_type=1&search_terms=surabaya,Timur,Rungkut,105,180,4,4,2.0,"Rp1,950,000,000",Belum,Selatan,Tengah,-,2,1299999943.0,Y,Y,-,,Y,Y,N,,,,N,Not Worth-It,4,6
https://rumah.trovit.co.id/detail/019b6f3b-9914-790e-abd7-0821228d8965?t_pvid=c6410257-001c-4b11-a36b-4150a03d19a5&page=1&t_sec=1&pos=11&search_terms=surabaya&origin=1&type=direct&trovit_type=1&search_terms=surabaya,Timur,Rungkut,48,45,2,1,2.0,"Rp565,000,000,000",Belum,-,Tengah,2 mobil,1,376666666646.0,Y,Y,1300,,Y,Y,N,,,,N,Not Worth-It,3,7
https://rumah.trovit.co.id/detail/019a5bc0-90a0-75d8-b334-b14debc6d495?t_pvid=c6410257-001c-4b11-a36b-4150a03d19a5&page=1&t_sec=1&pos=12&search_terms=surabaya&origin=1&type=direct&trovit_type=1&search_terms=surabaya,Timur,Tenggilis Mejoyo,189,180,2,1,1.0,"Rp1,800,000,000",Belum,Utara,Tengah,-,-,1199999914.0,N,Y,2200,,Y,Y,N,,,,N,Worth-It,9,1
https://rumah.trovit.co.id/detail/019aed6e-6a73-7201-96a4-078afd41b5d5?t_pvid=c6410257-001c-4b11-a36b-4150a03d19a5&page=1&t_sec=1&pos=14&search_terms=surabaya&origin=1&type=direct&trovit_type=1&search_terms=surabaya,Barat,Sambikerep,162,149,3,2,2.0,"Rp2,500,000,000",Belum,Utara,Tengah,3 mobil,2,1666666594.0,N,Y,-,,Y,Y,N,,,,N,Worth-It,5,5
https://rumah.trovit.co.id/detail/019b0ad1-24b0-7c9a-88b5-832b0c813698?t_pvid=c6410257-001c-4b11-a36b-4150a03d19a5&page=1&t_sec=1&pos=15&search_terms=surabaya&origin=1&type=direct&trovit_type=1&search_terms=surabaya,Selatan,Gayungan,56,85,3,3,2.0,"Rp1,470,000,000",Belum,Selatan,Hook,-,-,979999971.9,N,N,-,,N,Y,N,,,,N,Not Worth-It,3,7
https://rumah.trovit.co.id/detail/019ae7f4-d6d8-7391-804e-40cec80fa70f?t_pvid=c6410257-001c-4b11-a36b-4150a03d19a5&page=1&t_sec=1&pos=16&search_terms=surabaya&origin=1&type=direct&trovit_type=1&search_terms=surabaya,Barat,Lakarsantri,200,250,4,4,2.0,"Rp2,940,000,000",Belum,Selatan,Tengah,-,1,1959999902.0,N,Y,4400,,Y,Y,N,,,,N,Worth-It,6,4
https://rumah.trovit.co.id/detail/019ac610-929c-776f-9355-aaf2f57b7a43?t_pvid=c6410257-001c-4b11-a36b-4150a03d19a5&page=1&t_sec=1&pos=17&search_terms=surabaya&origin=1&type=direct&trovit_type=1&search_terms=surabaya,Timur,Mulyorejo,120,160,5,4,2.0,"Rp2,850,000,000",Belum,-,Hook,4 mobil,2,1899999941.0,N,Y,2200,,N,Y,N,,,,N,Not Worth-It,5,5
https://rumah.trovit.co.id/detail/019a90d8-633e-774a-bb3c-94c2c86b228b?t_pvid=c6410257-001c-4b11-a36b-4150a03d19a5&page=1&t_sec=1&pos=18&search_terms=surabaya&origin=1&type=direct&trovit_type=1&search_terms=surabaya,Utara,Semampir,90,180,4,3,2.0,"Rp1,450,000,000",Belum,Barat,Tengah,-,-,966666614.7,Y,Y,5000,,N,Y,N,,,,N,Not Worth-It,3,7
https://rumah.trovit.co.id/detail/019be141-7a87-7b9b-b137-c733616245b3?t_pvid=c6410257-001c-4b11-a36b-4150a03d19a5&page=1&t_sec=1&pos=19&search_terms=surabaya&origin=1&type=direct&trovit_type=1&search_terms=surabaya,Utara,Kenjeran,135,210,5,4,2.0,"Rp3,200,000,000",Belum,-,Tengah,-,-,2133333263.0,N,Y,3500,,Y,Y,N,,,,N,Not Worth-It,2,8
https://rumah.trovit.co.id/detail/019beb0a-8a51-7f12-8bad-093b02dbd332?t_pvid=c6410257-001c-4b11-a36b-4150a03d19a5&page=1&t_sec=1&pos=20&search_terms=surabaya&origin=1&type=direct&trovit_type=1&search_terms=surabaya,Barat,Lakarsantri,240,567,2,2,3.0,"Rp8,990,000,000",Belum,-,Tengah,-,2,5993333180.0,Y,Y,5500,,N,Y,Y,,,,N,Not Worth-It,5,5
https://rumah.trovit.co.id/detail/019b1111-405a-7980-bf9b-c76d0c0f0502?t_pvid=c6410257-001c-4b11-a36b-4150a03d19a5&page=1&t_sec=1&pos=21&search_terms=surabaya&origin=1&type=direct&trovit_type=1&search_terms=surabaya,Barat,Karang Pilang,205,180,3,2,1.0,"Rp1,200,000,000",Belum,Selatan,Tengah,-,3,799999908.9,Y,Y,-,,N,Y,N,,,,N,Worth-It,7,3
https://rumah.trovit.co.id/detail/01990b0d-5b4e-761c-b2e8-bd521e99b87c?t_pvid=c6410257-001c-4b11-a36b-4150a03d19a5&page=1&t_sec=1&pos=22&search_terms=surabaya&origin=1&type=direct&trovit_type=1&search_terms=surabaya,Timur,Mulyorejo,1200,1300,23,20,2.0,"Rp38,500,000,000",Belum,Utara,Tengah,-,13,25666666101.0,N,Y,-,,Y,Y,N,,,,N,Not Worth-It,1,9
https://rumah.trovit.co.id/detail/019c04f8-9b41-766b-a34e-a5f7c5955a7e?t_pvid=c6410257-001c-4b11-a36b-4150a03d19a5&page=1&t_sec=1&pos=23&search_terms=surabaya&origin=1&type=direct&trovit_type=1&search_terms=surabaya,Timur,Sukolilo,136,195,5,4,2.0,"Rp3,350,000,000",Belum,Utara,Tengah,4 mobil,2,2233333264.0,N,Y,-,,N,Y,N,,,,N,Not Worth-It,2,8
https://rumah.trovit.co.id/detail/019b2017-8dfe-733b-bdc7-9c6fed920677?t_pvid=c6410257-001c-4b11-a36b-4150a03d19a5&page=1&t_sec=1&pos=24&search_terms=surabaya&origin=1&type=direct&trovit_type=1&search_terms=surabaya,Timur,Mulyorejo,135,170,5,4,2.0,"Rp2,800,000,000",Belum,Utara,Tengah,2 mobil,2,1866666601.0,N,Y,-,,Y,Y,N,,,,N,Not Worth-It,3,7
https://rumah.trovit.co.id/detail/019b73ba-872e-722a-a4ae-0a35a89aa4aa?t_pvid=c6410257-001c-4b11-a36b-4150a03d19a5&page=1&t_sec=1&pos=25&search_terms=surabaya&origin=1&type=direct&trovit_type=1&search_terms=surabaya,Timur,Mulyorejo,200,300,5,5,2.0,"Rp5,000,000,000",Belum,-,Tengah,-,2,3333333229.0,Y,Y,3300,,Y,Y,Y,,,,N,Not Worth-It,5,5
https://rumah.trovit.co.id/detail/019b1020-9415-75cf-af6e-c94f419101c4?t_pvid=c6410257-001c-4b11-a36b-4150a03d19a5&page=1&t_sec=1&pos=26&search_terms=surabaya&origin=1&type=direct&trovit_type=1&search_terms=surabaya,Timur,Mulyorejo,156,250,4,4,1.0,"Rp2,000,000,000",Belum,Selatan,Tengah,2 mobil,1,1333333250.0,Y,Y,-,,Y,Y,Y,,,,N,Worth-It,6,4
https://rumah.trovit.co.id/detail/019a9660-9196-75ab-99d8-24f6d0765125?t_pvid=c6410257-001c-4b11-a36b-4150a03d19a5&page=1&t_sec=1&pos=27&search_terms=surabaya&origin=1&type=direct&trovit_type=1&search_terms=surabaya,Barat,Wiyung,182,305,4,5,3.0,"Rp8,000,000,000",Belum,Barat,Tengah,-,1,5333333235.0,N,Y,600,,N,Y,N,,,,N,Not Worth-It,2,8
https://rumah.trovit.co.id/detail/019c04c3-cd5e-752e-a19a-bbc2db647527?t_pvid=c6410257-001c-4b11-a36b-4150a03d19a5&page=1&t_sec=1&pos=28&search_terms=surabaya&origin=1&type=direct&trovit_type=1&search_terms=surabaya,Timur,Mulyorejo,764,800,7,5,2.0,"Rp25,000,000,000",Belum,-,Tengah,-,6,16666666308.0,N,Y,-,,Y,Y,N,,,,Y,Not Worth-It,4,6
https://rumah.trovit.co.id/detail/019b39be-da0b-75b2-a327-0d099ed6523b?t_pvid=c6410257-001c-4b11-a36b-4150a03d19a5&page=1&t_sec=1&pos=29&search_terms=surabaya&origin=1&type=direct&trovit_type=1&search_terms=surabaya,Barat,Karang Pilang,160,310,17,17,2.0,"Rp2,850,000,000",Belum,Selatan,Tengah,-,-,1899999912.0,N,Y,-,,N,Y,N,,,,N,Worth-It,7,3
https://rumah.trovit.co.id/detail/019c04ce-497d-7588-bde0-054e46ac0c1c?t_pvid=c6410257-001c-4b11-a36b-4150a03d19a5&page=1&t_sec=1&pos=30&search_terms=surabaya&origin=1&type=direct&trovit_type=1&search_terms=surabaya,Pusat,Genteng,95,120,4,2,2.0,"Rp1,750,000,000",Belum,Selatan,Hook,2 mobil,2,1166666621.0,Y,Y,500,,N,Y,N,,,,N,Not Worth-It,2,8
https://rumah.trovit.co.id/detail/019bff15-8029-71a4-b20f-4e3362a1cc81?t_pvid=c6410257-001c-4b11-a36b-4150a03d19a5&page=1&t_sec=1&pos=31&search_terms=surabaya&origin=1&type=direct&trovit_type=1&search_terms=surabaya,Timur,Mulyorejo,340,450,6,7,2.0,"Rp9,100,000,000",Belum,-,Hook,5 mobil,4,6066666497.0,Y,N,-,,Y,Y,Y,,,,N,Not Worth-It,1,9
https://rumah.trovit.co.id/detail/019b76fe-181c-75ef-973f-58a105fcdd6c?t_pvid=c6410257-001c-4b11-a36b-4150a03d19a5&page=1&t_sec=1&pos=6&search_terms=surabaya&origin=1&type=direct&trovit_type=1&search_terms=surabaya,Timur,Sukolilo,150,350,9,9,3.0,"Rp5,250,000,000",Belum,-,Tengah,3 mobil,1,3499999908.0,Y,Y,-,,Y,Y,N,,,,N,Not Worth-It,5,5
https://www.lamudi.co.id/properti/41032-73-ea85454ec997-31d3-19bab82-a8c3-7287,Selatan,Jambangan,344,619,5,4,,"Rp4,990,000,000",Belum,Selatan,,3 mobil,4,-165.5,,,4400,,Y,N,Y,Y,,,,Worth-It,6,4
https://www.lamudi.co.id/properti/41032-73-e7ace005f1db-7068-19be50c-946f-70da,Timur,Sukolilo,91,135,2,3,2.0,"Rp2,700,000,000",Belum,-,,,,1799999954.0,,,,,,,,,,,,Not Worth-It,1,9
https://www.lamudi.co.id/properti/41032-73-b73ad4f1bfdf-38c5-19b3216-8e4e-7e7c,Timur,Mulyorejo,324,411,5,5,2.0,"Rp12,500,000,000",Belum,Selatan,,,,8333333173.0,,,,,,,,,,,,Not Worth-It,4,6
https://www.lamudi.co.id/properti/41032-73-b92e73eaaab9-5851-19b8cf9-9371-7935,Pusat,Tambaksari,360,200,4,3,1.0,"Rp2,400,000,000",Belum,-,,2 mobil,,1599999855.0,,,2200,,Y,,Y,,,,,Worth-It,6,4
https://www.lamudi.co.id/properti/41032-73-dd2a4d987230-db22-199dbbc-9490-7255,Timur,Sukolilo,125,115,10,10,3.0,"Rp4,300,000,000",Belum,Selatan,,4 mobil,,2866666614.0,,,,,,,,,,,,Not Worth-It,4,6
https://www.lamudi.co.id/properti/41032-73-8502e6632bc0-9572-19b3b46-80aa-7f11,Timur,Sukolilo,138,150,5,4,2.0,"Rp2,350,000,000",Belum,-,,2 mobil,2,1566666603.0,,,4400,,Y,,,,,,,Worth-It,8,2
https://www.lamudi.co.id/properti/41032-73-28f754a42c65-5209-19b8402-8d2b-76c8,Selatan,Gayungan,360,430,6,6,2.0,"Rp3,800,000,000",Belum,Utara,,3 mobil,,2533333159.0,Y,,2200,,Y,,,Y,,,,Worth-It,7,3
https://www.lamudi.co.id/properti/41032-73-af7dffb658d4-7e58-19b9888-a5f8-7441,Timur,Mulyorejo,245,800,52,52,3.0,"Rp10,500,000,000",Belum,Selatan,,,,6999999830.0,,Y,,,,,,,,,,Not Worth-It,2,8
https://www.lamudi.co.id/properti/41032-73-4e802ec5b2c5-699b-19bd6ae-970e-73a3,Timur,Rungkut,100,65,3,1,1.0,"Rp599,000,000,000",Belum,Selatan,,2 mobil,Ada,399333333292.0,,,1300,,Y,,,,,,,Not Worth-It,3,7
https://www.lamudi.co.id/properti/41032-73-63b7b6559805-2c32-19bb6f0-850b-71f8,Timur,Rungkut,180,155,3,2,1.0,"Rp1,650,000,000",Belum,Selatan,,,,1099999921.0,Y,,2200,,,,,,,,,Worth-It,10,0
https://www.lamudi.co.id/properti/41032-73-cae3ee309a51-48e4-19b739b-bcb4-744d,Timur,Mulyorejo,135,126,3,2,1.0,"Rp1,750,000,000",Belum,Barat,,2 mobil,,1166666606.0,Y,,2200,,,,,,,,,Worth-It,10,0
https://www.lamudi.co.id/properti/41032-73-98d3b1a84bb-dd8e-19b4aed-b975-7525,Selatan,Gayungan,320,320,6,4,2.0,"Rp3,250,000,000",Belum,Utara,,,3,2166666520.0,,,5500,,Y,,,,,,,Worth-It,10,0
https://www.lamudi.co.id/properti/41032-73-dbb14fba7bef-d351-19ade88-bf35-7075,Barat,Sukomanunggal,203,210,5,3,2.0,"Rp2,340,000,000",Belum,Barat,,,,1559999906.0,,,3500,,Y,,,,,,,Worth-It,7,3
https://www.lamudi.co.id/properti/41032-73-2b282903869c-ee3f-19b2a5c-9d2a-739d,Timur,Sukolilo,78,118,3,2,2.0,"Rp1,850,000,000",Belum,Barat dan Selatan,,4 mobil,2,1233333293.0,,,3500,,,,,,,,,Not Worth-It,5,5
https://www.lamudi.co.id/properti/41032-73-66398560f333-9d62-19ad878-a8d5-72cf,Selatan,Wonokromo,533,150,2,1,2.0,"Rp7,500,000,000",Belum,-,Hook,,,4999999804.0,,,,,,,,,,,,Worth-It,6,4
https://www.lamudi.co.id/properti/41032-73-79e2627f4ec4-8c4-19b17dc-b35b-7d2f,Barat,Dukuh Pakis,250,250,4,3,2.0,"Rp1,990,000,000",Belum,Selatan,Hook,,4,1326666552.0,,,,,Y,,Y,,,,,Worth-It,9,1
https://www.lamudi.co.id/properti/41032-73-4cdb799c7c6a-ddb9-19a32d1-b484-722c,Timur,Gunung Anyar,200,70,3,2,1.0,"Rp1,000,000,000",Belum,Utara,,,2,666666591.9,,,2200,,Y,,,,,,,Worth-It,7,3
https://www.lamudi.co.id/properti/41032-73-21fa63587540-b89e-19c0036-80c9-71f1,Barat,Dukuh Pakis,100,95,3,1,1.0,"Rp800,000,000,000",Belum,Utara dan Barat Laut,,4m,,533333333288.0,,,2200,,,,,,,,,Not Worth-It,1,9
https://www.lamudi.co.id/properti/41032-73-4b621554ec31-ba6a-19acf31-a120-743b,Barat,Dukuh Pakis,336,396,4,4,2.0,"Rp15,000,000,000",Belum,-,Hook,8m,,9999999837.0,,,,,Y,,Y,,,,,Not Worth-It,2,8
https://www.lamudi.co.id/properti/41032-73-1dc7e7f3b913-11ab-199dbba-a145-70b6,Timur,Sukolilo,125,115,10,10,3.0,"Rp4,300,000,000",Belum,Selatan,,14m,,2866666614.0,,Y,,,,,,,,,,Not Worth-It,4,6
https://www.lamudi.co.id/properti/41032-73-4dd74042ae38-2395-19b7c2b-8831-7358,Barat,Wiyung,158,250,10,4,2.0,"Rp1,800,000,000",Belum,-,,2 mobil,,1199999917.0,,,4400,,,Y,,,,,,Worth-It,7,3
https://www.lamudi.co.id/properti/41032-73-42a6c12b2f11-b314-19b84e4-9aba-782d,Timur,Rungkut,90,70,2,3,1.0,"Rp975,000,000,000",Belum,Selatan,,,,649999999962.0,,,,,,,,,,,,Not Worth-It,4,6
https://www.lamudi.co.id/properti/41032-73-fa8d117ef1b3-2833-19b8e9d-86b9-740a,Selatan,Gayungan,150,176,5,3,2.0,"Rp2,400,000,000",Belum,Barat,,,2,1599999929.0,,,5500,,,,,,,,,Not Worth-It,4,6
https://www.lamudi.co.id/properti/41032-73-93757ff13f81-992-19c0023-80ad-715a,Timur,Gunung Anyar,97,140,3,2,2.0,"Rp925,000,000,000",Belum,-,,,,616666666617.0,,,4400,,Y,,,,,,,Not Worth-It,3,7
https://www.lamudi.co.id/properti/41032-73-727bd765fb2-8f50-19a76a5-a08b-7d1c,Timur,Sukolilo,78,118,4,4,2.0,"Rp1,850,000,000",Belum,Selatan,,4 mobil,2,1233333294.0,Y,,,,Y,Y,,,,,,Not Worth-It,2,8
https://www.lamudi.co.id/properti/41032-73-61d68c5fd8cc-3fb3-19a52e0-b052-7b66,Utara,Krembangan,145,145,3,2,1.0,"Rp600,000,000,000",Belum,-,,,,399999999934.0,,,,,,Y,,,,,,Not Worth-It,0,10
https://www.lamudi.co.id/properti/41032-73-78a7d5ec39c2-f8e2-19ad354-99ad-7065,Timur,Sukolilo,150,450,10,10,3.0,"Rp4,800,000,000",Belum,Utara,,10m,,3199999895.0,,Y,,,Y,,Y,,,,,Not Worth-It,5,5
https://www.lamudi.co.id/properti/41032-73-68c3ca025ccd-235d-19b962e-baaf-7fa9,Selatan,Jambangan,256,450,5,5,2.0,"Rp2,900,000,000",Belum,Barat,,2 mobil,Ada,1933333191.0,,,2200,,Y,,Y,,,,,Worth-It,9,1
https://www.lamudi.co.id/properti/41032-73-7ed848c8c530-8839-19a8b3e-b2ee-7406,Barat,Pakal,94,150,3,3,,"Rp1,300,000,000",Belum,Selatan,,,,-42.5,,,,,,,,,,,,Worth-It,8,2
https://www.lamudi.co.id/properti/41032-73-cdef93270fd1-c9cc-19b894c-ba7a-75c0,Pusat,Tambaksari,360,200,4,3,1.0,"Rp2,560,000,000",Belum,-,,2 mobil,,1706666522.0,,,2200,,Y,Y,Y,,,,,Worth-It,8,2
https://www.lamudi.co.id/properti/41032-73-3ae1b509c72c-d34-19ab952-b25c-70e4,Barat,Sambikerep,60,90,2,2,2.0,"Rp1,000,000,000",Belum,-,,,,666666636.3,,Y,,,,,,,,,,Not Worth-It,3,7
https://www.lamudi.co.id/properti/41032-73-908574df9375-5e8b-19acb4d-b705-75e6,Utara,Krembangan,72,36,2,1,1.0,"Rp415,000,000,000",Belum,Selatan,,,,276666666639.0,,,1300,,Y,Y,,,,,,Not Worth-It,3,7
https://www.lamudi.co.id/properti/41032-73-db2aa76aaef3-57b4-19b8452-b11f-7a17,Selatan,Gayungan,275,300,4,2,2.0,"Rp2,600,000,000",Belum,Utara,,2 mobil,,1733333203.0,,,,,Y,,Y,,,,,Worth-It,8,2
https://www.lamudi.co.id/properti/41032-73-b1e314b1b5de-9be2-1999ebd-8754-7713,Utara,Krembangan,250,250,4,2,2.0,"Rp4,500,000,000",Belum,Utara,,,,2999999885.0,,,2200,,,,,,,,,Not Worth-It,3,7
https://www.lamudi.co.id/properti/41032-73-4cb9b88e9452-668d-19b3089-8f54-7f9f,Barat,Tandes,216,247,5,5,2.0,"Rp5,700,000,000",Belum,Selatan,,3 mobil,,3799999898.0,,,6600,,Y,,,,,,,Not Worth-It,2,8
https://www.lamudi.co.id/properti/41032-73-df7797960b09-a038-19bc126-b17e-7524,Timur,Rungkut,67,33,2,1,1.0,"Rp695,000,000,000",Belum,-,,6m,,463333333307.0,,,1300,,Y,,,,,,,Not Worth-It,3,7
https://www.lamudi.co.id/properti/41032-73-31db80cdad35-2d0e-19ba1d9-ac0c-733a,Timur,Sukolilo,75,42,2,1,1.0,"Rp1,050,000,000",Belum,-,,4 mobil,,699999970.3,,,,,Y,,Y,,,,,Not Worth-It,4,6
https://www.lamudi.co.id/properti/41032-73-364106c69395-fc86-19acde1-8817-7439,Timur,Mulyorejo,126,210,4,3,2.0,"Rp3,100,000,000",Belum,-,,,,2066666599.0,,,3500,,Y,,Y,,,,,Not Worth-It,2,8
https://www.lamudi.co.id/properti/41032-73-f22bd6355574-5d9f-199dba2-831e-7827,Timur,Sukolilo,125,100,10,10,2.0,"Rp3,300,000,000",Belum,-,,14m,,2199999949.0,,Y,,,,,,,,,,Not Worth-It,4,6
https://www.lamudi.co.id/properti/41032-73-e65f4481aeac-1447-19b73be-a721-7798,Barat,Karang Pilang,160,320,32,32,2.0,"Rp2,850,000,000",Belum,Timur dan Utara,,2 mobil,,1899999916.0,,,,,,,,,,,,Worth-It,8,2
https://www.lamudi.co.id/properti/41032-73-282dbfca573d-95f0-19bdbd4-8644-78a0,Timur,Tenggilis Mejoyo,232,250,4,4,2.0,"Rp2,680,000,000",Belum,-,Hook,2 mobil,,1786666558.0,,,3500,,,,,,,,,Worth-It,7,3
https://www.lamudi.co.id/properti/41032-73-3dacbbcfb63-9812-19b9d60-931b-7d67,Barat,Lakarsantri,55,80,3,2,2.0,"Rp1,600,000,000",Belum,-,,,,1066666639.0,,Y,5500,,,,,,,,,Not Worth-It,1,9
https://www.lamudi.co.id/properti/41032-73-a4c50d1f4b2d-19e1-19b2040-b929-7783,Timur,Rungkut,45,60,3,2,2.0,"Rp700,000,000,000",Belum,-,,,,466666666645.0,,,,,,,,,,,,Not Worth-It,0,10
https://www.lamudi.co.id/properti/41032-73-1bbf19a969f4-9679-19a8e15-904b-7cd2,Timur,Mulyorejo,128,150,4,3,2.0,"Rp4,500,000,000",Belum,Selatan,,,,2999999939.0,,Y,,,,,,,,,,Not Worth-It,4,6
https://www.lamudi.co.id/properti/41032-73-cddd4c43214e-947a-1999f91-9401-72b7,Barat,Lakarsantri,200,300,4,4,2.0,"Rp2,450,000,000",Belum,-,,,,1633333229.0,,,,,,,,,,,,Worth-It,6,4
https://www.lamudi.co.id/properti/41032-73-b92900e37eea-49fb-19ba1c0-91db-7f9d,Timur,Mulyorejo,295,450,4,4,2.0,"Rp8,000,000,000",Belum,Timur,,3 mobil,2,5333333177.0,Y,Y,4400,,Y,,Y,,,,,Not Worth-It,5,5
https://www.lamudi.co.id/properti/41032-73-eacc180073c0-9f5b-1996112-9995-7511,Selatan,Jambangan,344,619,5,4,2.0,"Rp5,000,000,000",Belum,-,,3 mobil,4,3333333138.0,,,4400,,Y,,Y,Y,,,,Worth-It,5,5
https://www.lamudi.co.id/properti/41032-73-d88c230af9cd-3267-19acb8a-a6fd-714b,Utara,Kenjeran,44,35,2,1,2.0,"Rp630,000,000,000",Belum,Selatan,,,,419999999982.0,,,,,Y,Y,Y,,,,,Not Worth-It,3,7
https://www.lamudi.co.id/properti/41032-73-94973a949fb2-7c66-19b9eee-8b84-74e5,Pusat,Gubeng,300,300,4,3,1.0,"Rp5,240,000,000",Belum,Barat,,,1,3493333195.0,,,,,,,,,,,,Not Worth-It,1,9
https://www.lamudi.co.id/properti/41032-73-b7fc001b8664-f60-19bb150-80ae-76f3,Timur,Sukolilo,78,118,3,3,2.0,"Rp1,850,000,000",Belum,Utara,,,,1233333294.0,,,3500,,,,,,,,,Not Worth-It,5,5
https://www.lamudi.co.id/properti/41032-73-37ecefd80dc4-5541-19aa4ec-b7b1-77c1,Timur,Sukolilo,1798,935,10,10,1.0,"Rp23,000,000,000",Belum,-,,,5,15333332613.0,,,,,,,,,,,,Worth-It,8,2
https://www.lamudi.co.id/properti/41032-73-520e7ac8fb7f-2b22-19a3860-ad36-7d9c,Timur,Sukolilo,200,165,4,3,1.0,"Rp2,600,000,000",Belum,Utara,,3 mobil,,1733333246.0,,,,,Y,,Y,,,,,Worth-It,9,1
https://www.lamudi.co.id/properti/41032-73-68d27aed8ed4-9e03-19bd176-baec-75ee,Barat,Wiyung,670,670,6,4,2.0,"Rp6,600,000,000",Belum,Selatan,,,,4399999690.0,,,,,,,,,,,,Worth-It,6,4
https://www.lamudi.co.id/properti/41032-73-6406576a56ef-4dd6-19bbbfe-9a15-74c0,Timur,Rungkut,120,180,5,4,2.0,"Rp2,600,000,000",Belum,Utara,,3 mobil,2,1733333272.0,,,,,,,,,,,,Worth-It,6,4
https://www.lamudi.co.id/properti/41032-73-e183c4223759-938a-19a96d7-b46e-72ed,Utara,Krembangan,250,250,5,4,2.0,"Rp5,000,000,000",Belum,Timur,,,,3333333219.0,,,2200,,,,,,,,,Not Worth-It,5,5
https://www.lamudi.co.id/properti/41032-73-a71fb7eb3c17-7049-19bdba0-bd0c-77d4,Timur,Rungkut,200,160,3,3,1.0,"Rp1,800,000,000",Belum,Utara,,3 mobil,,1199999913.0,,,,,,,,,,,,Worth-It,9,1
https://www.lamudi.co.id/properti/41032-73-bc51ec35b273-e8df-19bc778-af7f-79cc,Barat,Dukuh Pakis,135,135,3,2,1.0,"Rp2,500,000,000",Belum,-,,,,1666666605.0,,,4400,,,,,,,,,Worth-It,7,3
https://www.lamudi.co.id/properti/41032-73-a4db79c0678f-dde1-19bffa5-8e1c-785b,Timur,Sukolilo,500,400,5,4,2.0,"Rp7,500,000,000",Belum,Selatan,,,6+2 garasi,4999999782.0,,,,,,Y,,,,,,Worth-It,5,5
https://www.lamudi.co.id/properti/41032-73-390cb86210cf-8ec6-19b88fe-9ea5-7240,Timur,Mulyorejo,75,110,3,3,2.0,"Rp1,700,000,000",Belum,-,,4 mobil,,1133333296.0,,,2200,,,Y,Y,,,,,Not Worth-It,3,7
https://www.lamudi.co.id/properti/41032-73-7dc9fd597485-6c11-19b2031-9cd5-77b2,Timur,Rungkut,45,60,3,2,2.0,"Rp700,000,000,000",Belum,Selatan,,,,466666666645.0,,,,,,,,,,,,Not Worth-It,1,9
https://www.lamudi.co.id/properti/41032-73-6eb3e8f8c543-8008-19a63fe-9e5d-75ea,Barat,Lakarsantri,150,230,4,4,2.0,"Rp4,050,000,000",Belum,Timur,,2 mobil,2,2699999922.0,,,,,,,,,,,,Not Worth-It,2,8
https://www.lamudi.co.id/properti/41032-73-53abd34404b4-289d-19bb1de-a34f-70ad,Timur,Sukolilo,360,380,4,4,2.0,"Rp9,500,000,000",Belum,Selatan,,,,6333333165.0,,Y,,,,,,,,,,Not Worth-It,4,6
https://www.lamudi.co.id/properti/41032-73-4cec787954b0-dcfb-19a4d49-9f86-7fad,Barat,Karang Pilang,205,180,3,2,1.0,"Rp2,500,000,000",Belum,-,,,3,1666666576.0,,,,,,,,,,,,Worth-It,6,4
https://www.lamudi.co.id/properti/41032-73-a41d99b357b7-6ea8-af6e2c91-a0d4-4fca,Timur,Mulyorejo,72,97,3,2,2.0,"Rp2,300,000,000",Belum,-,,,,1533333298.0,,,4400,,,,,,,,,Not Worth-It,1,9
https://www.lamudi.co.id/properti/41032-73-fcc99252c92a-80f9-19a5d01-9c85-7186,Selatan,Jambangan,112,300,19,19,3.0,"Rp3,400,000,000",Belum,-,,2 mobil,,2266666597.0,,,,,Y,Y,Y,,,,,Not Worth-It,0,10
https://www.lamudi.co.id/properti/41032-73-6510571cd30f-e06b-199dbbf-bc0f-72b9,Timur,Sukolilo,125,120,10,10,2.0,"Rp3,300,000,000",Belum,-,,,,2199999947.0,,,,,,,,,,,,Not Worth-It,1,9
https://www.lamudi.co.id/properti/41032-73-47f4023bc318-ca75-19bd959-8ed2-7296,Timur,Mulyorejo,81,114,3,3,2.0,"Rp1,650,000,000",Belum,-,,3 mobil,,1099999960.0,,,3500,,,,,,,,,Worth-It,6,4
https://www.lamudi.co.id/properti/41032-73-cc6f0451a5cb-e105-19b9c6a-b98c-768b,Timur,Mulyorejo,162,252,5,4,2.0,"Rp3,200,000,000",Belum,Timur,,,,2133333248.0,,Y,3500,,,,,,,,,Not Worth-It,3,7
https://www.lamudi.co.id/properti/41032-73-f4b9bfb7beea-16ac-19c0426-b7db-735b,Barat,Pakal,72,70,2,2,2.0,"Rp35,000,000,000",Belum,Barat,,,,23333333302.0,,,3500,,,,,,,,,Not Worth-It,0,10
https://www.lamudi.co.id/properti/41032-73-78986fe2a510-1253-c9ca271d-8ba6-4e09,Timur,Rungkut,37,37,2,1,1.0,"Rp495,000,000,000",Belum,Selatan,,2 mobil,Ada,329999999984.0,,,1300,,Y,,,,,,,Not Worth-It,3,7
https://www.lamudi.co.id/properti/41032-73-d805f70cd109-ea48-19bcfd0-a834-7582,Barat,Sukomanunggal,306,400,5,3,2.0,"Rp5,750,000,000",Belum,Barat,,,,3833333180.0,,,5500,,,,Y,,,,,Not Worth-It,3,7
https://www.lamudi.co.id/properti/41032-73-80438991c988-4811-19a95f6-b20b-74db,Timur,Sukolilo,78,118,3,3,2.0,"Rp1,850,000,000",Belum,-,,4 mobil,,1233333294.0,,,,,,,,,,,,Worth-It,7,3
https://www.lamudi.co.id/properti/41032-73-a1a00878bcd3-a366-19a7386-b65a-7d1c,Timur,Mulyorejo,165,180,3,3,1.0,"Rp1,320,000,000",Belum,Timur,,2 mobil,,879999922.5,,,,,,,,,,,,Worth-It,8,2
https://www.lamudi.co.id/properti/41032-73-f6346b76eff3-fee3-19be510-879b-7639,Timur,Mulyorejo,450,675,9,4,2.0,"Rp8,500,000,000",Belum,Selatan,,,2+2(garasi),5666666429.0,,,,,,,,,,,,Worth-It,6,4
https://www.lamudi.co.id/properti/41032-73-31ed200a345f-9965-19a8265-ad88-7952,Timur,Tenggilis Mejoyo,1898,400,4,4,,"Rp35,000,000,000",Belum,Barat,,,,-943.0,,,7700,,Y,,,,,,,Not Worth-It,3,7
https://www.lamudi.co.id/properti/41032-73-b3ddcf3dbe03-dd13-19bdeb6-a6d4-75a8,Timur,Mulyorejo,135,220,5,4,2.0,"Rp3,190,000,000",Belum,-,,3 mobil,,2126666595.0,,,3500,,,,,,,,,Not Worth-It,2,8
https://www.lamudi.co.id/properti/41032-73-c25434bd568d-d261-199dbb7-a512-745d,Timur,Sukolilo,100,80,10,10,2.0,"Rp2,550,000,000",Belum,-,,14m,,1699999960.0,,,,,,,,,,,,Not Worth-It,0,10
https://www.lamudi.co.id/properti/41032-73-4bfd18cd8a4e-9aa7-19bea36-8f45-75c6,Timur,Sukolilo,1000,1566,5,8,3.0,"Rp32,000,000,000",Belum,Selatan,,40 mobil,10,21333332795.0,,,,,,,Y,,,,,Not Worth-It,4,6
https://www.lamudi.co.id/properti/41032-73-95a8af5a62a-aa6d-19b7d0b-b4b7-7231,Selatan,Gayungan,200,120,3,2,1.0,"Rp2,800,000,000",Belum,Timur,,2 mobil,2,1866666585.0,,,,,Y,,,Y,,,,Worth-It,6,4
https://www.lamudi.co.id/properti/41032-73-fddde9cd5d34-480e-19bf95b-8816-778a,Pusat,Gubeng,600,1000,4,4,2.0,"Rp8,900,000,000",Belum,-,,,4,5933333002.0,,,20000,,,,,,,,,Worth-It,7,3
https://www.lamudi.co.id/properti/41032-73-95e267b56ab4-174e-19a8556-bcf9-724e,Timur,Sukolilo,107,173,4,4,2.0,"Rp2,050,000,000",Belum,-,,,,1366666610.0,,,2200,,,,,,,,,Not Worth-It,5,5
https://www.lamudi.co.id/properti/41032-73-6f0dbfc1c94-b43f-19ae791-8bbf-7582,Timur,Mulyorejo,300,200,4,2,1.0,"Rp3,350,000,000",Belum,Barat,,4 mobil,,2233333208.0,,,,,,,Y,,,,,Worth-It,9,1
https://www.lamudi.co.id/properti/41032-73-ed0100719c38-30ef-19bf811-a087-7594,Timur,Tenggilis Mejoyo,347,280,7,3,2.0,"Rp2,590,000,000",Belum,-,,2 mobil,2,1726666516.0,,,,,,Y,,,,,,Worth-It,6,4
https://www.lamudi.co.id/properti/41032-73-cd7ae94b3224-482e-19aa6a3-b918-761c,Timur,Mulyorejo,60,100,3,2,2.0,"Rp1,300,000,000",Belum,Utara,,,,866666635.0,,,,,Y,Y,Y,,,,,Not Worth-It,3,7
https://www.lamudi.co.id/properti/41032-73-28a0b3c13d50-d3af-19bd50b-a7a6-76b6,Barat,Wiyung,108,90,3,1,1.0,"Rp770,000,000,000",Belum,-,,2 mobil,,513333333286.0,,,2200,,,,,,,,,Not Worth-It,2,6
